,book_id,title,author,year,rank,genre,genre_2,genre_3,user_rating,reviews,price
429,1,The Lost Symbol,Dan Brown,2009,1,Fiction,"Mystery, Thriller & Suspense",Thrillers & Suspense,4.2,8747,19.0
459,2,The Shack: Where Tragedy Confronts Eternity,William P. Young,2009,2,Fiction,Children's Books,Literature & Fiction,4.6,19720,8.0
216,3,Liberty and Tyranny: A Conservative Manifesto,Mark R. Levin,2009,3,Non Fiction,History,Americas,4.8,3828,15.0
38,4,"Breaking Dawn (The Twilight Saga, Book 4)",Stephenie Meyer,2009,4,Fiction,Teen & Young Adult,Science Fiction & Fantasy,4.6,9769,13.0
134,5,Going Rogue: An American Life,Sarah Palin,2009,5,Non Fiction,History,Americas,4.6,1636,6.0
304,6,StrengthsFinder 2.0,Gallup,2009,6,Non Fiction,Business & Money,Management & Leadership,4.0,5069,17.0
402,7,The Help,Kathryn Stockett,2009,7,Fiction,Literature & Fiction,United States,4.8,13871,6.0
241,8,New Moon (The Twilight Saga),Stephenie Meyer,2009,8,Fiction,Teen & Young Adult,Science Fiction & Fantasy,4.6,5680,10.0
473,9,The Twilight Saga Collection,Stephenie Meyer,2009,9,Fiction,Teen & Young Adult,Science Fiction & Fantasy,4.7,3801,82.0
260,10,Outliers: The Story of Success,Malcolm Gladwell,2009,10,Non Fiction,Business & Money,Management & Leadership,4.6,10426,20.0
96,11,Eclipse (Twilight),Stephenie Meyer,2009,11,Fiction,Teen & Young Adult,Science Fiction & Fantasy,4.7,5505,18.0
513,12,"Twilight (The Twilight Saga, Book 1)",Stephenie Meyer,2009,12,Fiction,Teen & Young Adult,Science Fiction & Fantasy,4.7,11676,9.0
131,13,"Glenn Beck's Common Sense: The Case Against an Out-of-Control Government, Inspired by Thomas Paine",Glenn Beck,2009,13,Non Fiction,History,Americas,4.6,1365,11.0
498,14,Three Cups of Tea: One Man's Mission to Promote Peace - One School at a Time,Greg Mortenson,2009,14,Non Fiction,Biographies & Memoirs,Historical,4.3,3319,11.0
430,15,The Love Dare,Stephen Kendrick,2009,15,Non Fiction,Christian Books & Bibles,Christian Living,4.8,1655,13.0
14,16,"Act Like a Lady, Think Like a Man: What Men Really Think About Love, Relationships, Intimacy, and Commitment",Steve Harvey,2009,16,Non Fiction,Self-Help,Psychology,4.6,5013,17.0
80,17,"Dog Days (Diary of a Wimpy Kid, Book 4) (Volume 4)",Jeff Kinney,2009,17,Fiction,Children's Books,Growing Up & Facts of Life,4.8,3181,12.0
520,18,Under the Dome: A Novel,Stephen King,2009,18,Fiction,Literature & Fiction,Genre Fiction,4.3,6740,20.0
398,19,The Guernsey Literary and Potato Peel Pie Society,Mary Ann Shaffer,2009,19,Fiction,Literature & Fiction,Genre Fiction,4.7,8587,10.0
91,20,Eat This Not That! Supermarket Survival Guide: The No-Diet Weight Loss Solution,David Zinczenko,2009,20,Non Fiction,"Health, Fitness & Dieting",Diets & Weight Loss,4.5,720,1.0
25,21,Arguing with Idiots: How to Stop Small Minds and Big Government,Glenn Beck,2009,21,Non Fiction,Politics & Social Sciences,Politics & Government,4.6,798,5.0
228,22,"Mastering the Art of French Cooking, Vol. 2",Julia Child,2009,22,Non Fiction,"Cookbooks, Food & Wine",Regional & International,4.8,2926,27.0
299,23,Sookie Stackhouse,Charlaine Harris,2009,23,Fiction,"Mystery, Thriller & Suspense",Mystery,4.7,973,25.0
470,24,The Time Traveler's Wife,Audrey Niffenegger,2009,24,Fiction,Science Fiction & Fantasy,Fantasy,4.4,3759,6.0
271,25,"Publication Manual of the American Psychological Association, 6th Edition",American Psychological Association,2009,25,Non Fiction,"New, Used & Rental Textbooks",Social Sciences,4.5,8580,46.0
512,26,True Compass: A Memoir,Edward M. Kennedy,2009,26,Non Fiction,Biographies & Memoirs,Historical,4.5,438,15.0
388,27,The Girl with the Dragon Tattoo (Millennium Series),Stieg Larsson,2009,27,Fiction,"Mystery, Thriller & Suspense",Thrillers & Suspense,4.4,10559,2.0
330,28,The 5000 Year Leap,W. Cleon Skousen,2009,28,Non Fiction,Politics & Social Sciences,Politics & Government,4.8,1680,12.0
139,29,Good to Great: Why Some Companies Make the Leap and Others Don't,Jim Collins,2009,29,Non Fiction,Business & Money,Biography & History,4.5,3457,14.0
95,30,Eclipse (Twilight Sagas),Stephenie Meyer,2009,30,Fiction,Teen & Young Adult,Science Fiction & Fantasy,4.7,5505,7.0
535,31,Where the Wild Things Are,Maurice Sendak,2009,31,Fiction,Children's Books,Science Fiction & Fantasy,4.8,9967,13.0
369,32,The Five Dysfunctions of a Team: A Leadership Fable,Patrick Lencioni,2009,32,Non Fiction,Business & Money,Management & Leadership,4.6,3207,6.0
254,33,Olive Kitteridge,Elizabeth Strout,2009,33,Fiction,Literature & Fiction,Genre Fiction,4.2,4519,12.0
60,34,Dead And Gone: A Sookie Stackhouse Novel (Sookie Stackhouse/True Blood),Charlaine Harris,2009,34,Fiction,"Mystery, Thriller & Suspense",Mystery,4.6,1541,4.0
92,35,"Eat This, Not That! Thousands of Simple Food Swaps that Can Save You 10, 20, 30 Pounds--or More!",David Zinczenko,2009,35,Non Fiction,"Health, Fitness & Dieting",Diets & Weight Loss,4.3,956,14.0
313,36,"Super Freakonomics: Global Cooling, Patriotic Prostitutes, and Why Suicide Bombers Should Buy Life Insurance",Steven D. Levitt,2009,36,Non Fiction,Business & Money,Economics,4.5,1583,18.0
471,37,The Tipping Point: How Little Things Can Make a Big Difference,Malcolm Gladwell,2009,37,Non Fiction,Business & Money,Marketing & Sales,4.4,3503,9.0
50,38,Crazy Love: Overwhelmed by a Relentless God,Francis Chan,2009,38,Non Fiction,Christian Books & Bibles,Christian Living,4.7,1542,14.0
418,39,"The Last Olympian (Percy Jackson and the Olympians, Book 5)",Rick Riordan,2009,39,Fiction,Children's Books,"Fairy Tales, Folk Tales & Myths",4.8,4628,7.0
364,40,The Elegance of the Hedgehog,Muriel Barbery,2009,40,Fiction,"Health, Fitness & Dieting",Diets & Weight Loss,4.0,1859,11.0
177,41,"I, Alex Cross",James Patterson,2009,41,Fiction,"Mystery, Thriller & Suspense",Thrillers & Suspense,4.6,1320,7.0
387,42,The Girl Who Played with Fire (Millennium),Stieg Larsson,2009,42,Fiction,"Mystery, Thriller & Suspense",Thrillers & Suspense,4.7,7251,16.0
417,43,The Last Lecture,Randy Pausch,2009,43,Non Fiction,Biographies & Memoirs,Professionals & Academics,4.7,4028,9.0
374,44,The Five Love Languages: How to Express Heartfelt Commitment to Your Mate,Gary Chapman,2009,44,Non Fiction,Self-Help,Relationships,4.6,803,9.0
524,45,Watchmen,Alan Moore,2009,45,Fiction,Comics & Graphic Novels,Graphic Novels,4.8,3829,42.0
331,46,The 7 Habits of Highly Effective People: Powerful Lessons in Personal Change,Stephen R. Covey,2009,46,Non Fiction,Self-Help,Motivational,4.6,9325,24.0
346,47,The Book of Basketball: The NBA According to The Sports Guy,Bill Simmons,2009,47,Non Fiction,Sports & Outdoors,Miscellaneous,4.7,858,53.0
78,48,"Divine Soul Mind Body Healing and Transmission System: The Divine Way to Heal You, Humanity, Mother Earth, and All…",Zhi Gang Sha,2009,48,Non Fiction,"Health, Fitness & Dieting",Alternative Medicine,4.6,37,6.0
160,49,Have a Little Faith: A True Story,Mitch Albom,2009,49,Non Fiction,Christian Books & Bibles,Christian Living,4.8,1930,4.0
72,50,Diary of a Wimpy Kid: The Last Straw (Book 3),Jeff Kinney,2009,50,Fiction,Children's Books,Growing Up & Facts of Life,4.8,3837,15.0
384,51,The Girl Who Kicked the Hornet's Nest (Millennium Trilogy),Stieg Larsson,2010,1,Fiction,"Mystery, Thriller & Suspense",Thrillers & Suspense,4.7,7747,14.0
389,27,The Girl with the Dragon Tattoo (Millennium Series),Stieg Larsson,2010,2,Fiction,"Mystery, Thriller & Suspense",Thrillers & Suspense,4.4,10559,2.0
67,52,Decision Points,George W. Bush,2010,3,Non Fiction,Biographies & Memoirs,Leaders & Notable People,4.6,2137,17.0
403,7,The Help,Kathryn Stockett,2010,4,Fiction,Literature & Fiction,United States,4.8,13871,6.0
386,53,The Girl Who Played with Fire (Millennium Series),Stieg Larsson,2010,5,Fiction,"Mystery, Thriller & Suspense",Thrillers & Suspense,4.7,7251,9.0
474,54,"The Ugly Truth (Diary of a Wimpy Kid, Book 5)",Jeff Kinney,2010,6,Fiction,Children's Books,Growing Up & Facts of Life,4.8,3796,12.0
305,6,StrengthsFinder 2.0,Gallup,2010,7,Non Fiction,Business & Money,Management & Leadership,4.0,5069,17.0
236,55,Mockingjay (The Hunger Games),Suzanne Collins,2010,8,Fiction,Teen & Young Adult,Literature & Fiction,4.5,26741,8.0
539,56,Women Food and God: An Unexpected Path to Almost Everything,Geneen Roth,2010,9,Non Fiction,"Health, Fitness & Dieting",Addiction & Recovery,4.2,1302,11.0
272,25,"Publication Manual of the American Psychological Association, 6th Edition",American Psychological Association,2010,10,Non Fiction,"New, Used & Rental Textbooks",Social Sciences,4.5,8580,46.0
27,57,"Autobiography of Mark Twain, Vol. 1",Mark Twain,2010,11,Non Fiction,Literature & Fiction,History & Criticism,4.2,491,14.0
342,58,The Big Short: Inside the Doomsday Machine,Michael Lewis,2010,12,Non Fiction,Reference,"Writing, Research & Publishing Guides",4.7,3536,17.0
115,59,Food Rules: An Eater's Manual,Michael Pollan,2010,13,Non Fiction,"Cookbooks, Food & Wine",Special Diet,4.4,1555,9.0
515,60,"Unbroken: A World War II Story of Survival, Resilience, and Redemption",Laura Hillenbrand,2010,14,Non Fiction,Biographies & Memoirs,Leaders & Notable People,4.8,29673,16.0
61,61,"Dead in the Family (Sookie Stackhouse/True Blood, Book 10)",Charlaine Harris,2010,15,Fiction,Fantasy,"TV, Movie, Game Adaptations",4.3,1924,8.0
296,62,Sh*t My Dad Says,Justin Halpern,2010,16,Non Fiction,Humor & Entertainment,Humor,4.7,1265,11.0
51,38,Crazy Love: Overwhelmed by a Relentless God,Francis Chan,2010,17,Non Fiction,Christian Books & Bibles,Christian Living,4.7,1542,14.0
461,63,The Short Second Life of Bree Tanner: An Eclipse Novella (The Twilight Saga),Stephenie Meyer,2010,18,Fiction,Teen & Young Adult,Science Fiction & Fantasy,4.6,2122,0.0
217,64,Life,Keith Richards,2010,19,Non Fiction,Arts & Photography,Music,4.5,2752,18.0
56,65,Cutting for Stone,Abraham Verghese,2010,20,Fiction,Literature & Fiction,Genre Fiction,4.6,4866,11.0
359,66,The Daily Show with Jon Stewart Presents Earth (The Book): A Visitor's Guide to the Human Race,Jon Stewart,2010,21,Non Fiction,Humor & Entertainment,Humor,4.4,440,11.0
439,67,The Official SAT Study Guide,The College Board,2010,22,Non Fiction,Teen & Young Adult,Education & Reference,4.4,1201,40.0
117,68,"Game Change: Obama and the Clintons, McCain and Palin, and the Race of a Lifetime",John Heilemann,2010,23,Non Fiction,Politics & Social Sciences,Politics & Government,4.4,1215,9.0
412,69,The Immortal Life of Henrietta Lacks,Rebecca Skloot,2010,24,Non Fiction,History,Americas,4.7,9289,13.0
428,70,"The Lost Hero (Heroes of Olympus, Book 1)",Rick Riordan,2010,25,Fiction,Children's Books,"Fairy Tales, Folk Tales & Myths",4.8,4506,14.0
316,71,Teach Like a Champion: 49 Techniques that Put Students on the Path to College,Doug Lemov,2010,26,Non Fiction,Education,Education & Reference,4.4,637,20.0
261,10,Outliers: The Story of Success,Malcolm Gladwell,2010,27,Non Fiction,Business & Money,Management & Leadership,4.6,10426,20.0
46,72,Catching Fire (The Hunger Games),Suzanne Collins,2010,28,Fiction,Teen & Young Adult,Literature & Fiction,4.7,22614,11.0
370,32,The Five Dysfunctions of a Team: A Leadership Fable,Patrick Lencioni,2010,29,Non Fiction,Business & Money,Management & Leadership,4.6,3207,6.0
140,29,Good to Great: Why Some Companies Make the Leap and Others Don't,Jim Collins,2010,30,Non Fiction,Business & Money,Biography & History,4.5,3457,14.0
499,14,Three Cups of Tea: One Man's Mission to Promote Peace - One School at a Time,Greg Mortenson,2010,31,Non Fiction,Biographies & Memoirs,Historical,4.3,3319,11.0
457,73,"The Road to Serfdom: Text and Documents--The Definitive Edition (The Collected Works of F. A. Hayek, Volume 2)",F. A. Hayek,2010,32,Non Fiction,Politics & Social Sciences,Politics & Government,4.6,1204,14.0
357,74,The Confession: A Novel,John Grisham,2010,33,Fiction,"Mystery, Thriller & Suspense",Thrillers & Suspense,4.3,3523,13.0
68,75,"Delivering Happiness: A Path to Profits, Passion, and Purpose",Tony Hsieh,2010,34,Non Fiction,Business & Money,Business Culture,4.6,1651,15.0
11,76,A Patriot's History of the United States: From Columbus's Great Discovery to the War on Terror,Larry Schweikart,2010,35,Non Fiction,Politics & Social Sciences,History,4.6,460,2.0
419,39,"The Last Olympian (Percy Jackson and the Olympians, Book 5)",Rick Riordan,2010,36,Fiction,Children's Books,"Fairy Tales, Folk Tales & Myths",4.8,4628,7.0
314,77,Switch: How to Change Things When Change Is Hard,Chip Heath,2010,37,Non Fiction,Business & Money,Management & Leadership,4.6,1907,13.0
340,78,The Art of Racing in the Rain: A Novel,Garth Stein,2010,38,Fiction,Literature & Fiction,Genre Fiction,4.7,11813,10.0
320,79,The 5 Love Languages: The Secret to Love That Lasts,Gary Chapman,2010,39,Non Fiction,Self-Help,Relationships,4.7,3477,28.0
39,80,"Broke: The Plan to Restore Our Trust, Truth and Treasure",Glenn Beck,2010,40,Non Fiction,Politics & Social Sciences,Politics & Government,4.5,471,8.0
456,81,"The Red Pyramid (The Kane Chronicles, Book 1)",Rick Riordan,2010,41,Fiction,Children's Books,Science Fiction & Fantasy,4.6,2186,12.0
264,82,Percy Jackson and the Olympians Paperback Boxed Set (Books 1-3),Rick Riordan,2010,42,Fiction,Teen & Young Adult,Science Fiction & Fantasy,4.8,548,2.0
218,83,Little Bee: A Novel,Chris Cleave,2010,43,Fiction,Literature & Fiction,Genre Fiction,4.1,1467,10.0
31,84,"Barefoot Contessa, How Easy Is That?: Fabulous Recipes & Easy Tips",Ina Garten,2010,44,Non Fiction,"Cookbooks, Food & Wine",Regional & International,4.7,615,21.0
121,85,George Washington's Sacred Fire,Peter A. Lillback,2010,45,Non Fiction,Biographies & Memoirs,Leaders & Notable People,4.5,408,20.0
284,86,Radical: Taking Back Your Faith from the American Dream,David Platt,2010,46,Non Fiction,Christian Books & Bibles,Christian Living,4.7,1985,9.0
511,87,"Towers of Midnight (Wheel of Time, Book Thirteen)",Robert Jordan,2010,47,Fiction,Science Fiction & Fantasy,Fantasy,4.8,2282,21.0
292,88,Sarah's Key,Tatiana de Rosnay,2010,48,Fiction,Literature & Fiction,Genre Fiction,4.6,3619,10.0
407,89,The Hunger Games,Suzanne Collins,2010,49,Fiction,Teen & Young Adult,Literature & Fiction,4.7,32122,14.0
90,90,Drive: The Surprising Truth About What Motivates Us,Daniel H. Pink,2010,50,Non Fiction,Business & Money,Business Culture,4.5,2525,16.0
301,91,Steve Jobs,Walter Isaacson,2011,1,Non Fiction,Biographies & Memoirs,Professionals & Academics,4.6,7827,20.0
161,92,Heaven is for Real: A Little Boy's Astounding Story of His Trip to Heaven and Back,Todd Burpo,2011,2,Non Fiction,Self-Help,Relationships,4.7,15779,10.0
42,93,"Cabin Fever (Diary of a Wimpy Kid, Book 6)",Jeff Kinney,2011,3,Fiction,Children's Books,Growing Up & Facts of Life,4.8,4505,0.0
306,6,StrengthsFinder 2.0,Gallup,2011,4,Non Fiction,Business & Money,Management & Leadership,4.0,5069,17.0
408,94,The Hunger Games (Book 1),Suzanne Collins,2011,5,Fiction,Teen & Young Adult,Literature & Fiction,4.7,32122,8.0
516,60,"Unbroken: A World War II Story of Survival, Resilience, and Redemption",Laura Hillenbrand,2011,6,Non Fiction,Biographies & Memoirs,Leaders & Notable People,4.8,29673,16.0
183,95,Inheritance: Book IV (Inheritance Cycle),Christopher Paolini,2011,7,Fiction,Teen & Young Adult,Literature & Fiction,4.6,5299,20.0
133,96,Go the F**k to Sleep,Adam Mansbach,2011,8,Fiction,Humor & Entertainment,Humor,4.8,9568,9.0
237,55,Mockingjay (The Hunger Games),Suzanne Collins,2011,9,Fiction,Teen & Young Adult,Literature & Fiction,4.5,26741,8.0
118,97,Game of Thrones Boxed Set: A Game of Thrones/A Clash of Kings/A Storm of Swords/A Feast for Crows,George R.R. Martin,2011,10,Fiction,Literature & Fiction,Genre Fiction,4.6,5594,5.0
47,72,Catching Fire (The Hunger Games),Suzanne Collins,2011,11,Fiction,Teen & Young Adult,Literature & Fiction,4.7,22614,11.0
318,98,The 17 Day Diet: A Doctor's Plan Designed for Rapid Results,Mike Moreno,2011,12,Non Fiction,"Health, Fitness & Dieting",Diets & Weight Loss,4.3,2314,22.0
5,99,A Dance with Dragons (A Song of Ice and Fire),George R. R. Martin,2011,13,Fiction,Literature & Fiction,Action & Adventure,4.4,12643,11.0
463,100,"The Son of Neptune (Heroes of Olympus, Book 2)",Rick Riordan,2011,14,Fiction,Children's Books,"Fairy Tales, Folk Tales & Myths",4.8,4290,10.0
198,101,Killing Lincoln: The Shocking Assassination that Changed America Forever (Bill O'Reilly's Killing Series),Bill O'Reilly,2011,15,Non Fiction,History,Americas,4.7,9342,10.0
273,25,"Publication Manual of the American Psychological Association, 6th Edition",American Psychological Association,2011,16,Non Fiction,"New, Used & Rental Textbooks",Social Sciences,4.5,8580,46.0
404,7,The Help,Kathryn Stockett,2011,17,Fiction,Literature & Fiction,United States,4.8,13871,8.0
413,69,The Immortal Life of Henrietta Lacks,Rebecca Skloot,2011,18,Non Fiction,History,Americas,4.7,9289,9.0
1,102,11/22/63: A Novel,Stephen King,2011,19,Fiction,Literature & Fiction,Genre Fiction,4.6,2052,22.0
440,67,The Official SAT Study Guide,The College Board,2011,20,Non Fiction,Teen & Young Adult,Education & Reference,4.4,1201,40.0
187,103,Jesus Calling: Enjoying Peace in His Presence (with Scripture References),Sarah Young,2011,21,Non Fiction,Religion & Spirituality,Worship & Devotion,4.9,19576,8.0
410,104,The Hunger Games Trilogy Boxed Set (1),Suzanne Collins,2011,22,Fiction,Teen & Young Adult,Literature & Fiction,4.8,16949,30.0
57,65,Cutting for Stone,Abraham Verghese,2011,23,Fiction,Literature & Fiction,Genre Fiction,4.6,4866,11.0
504,105,Tina Fey: Bossypants,Tina Fey,2011,24,Non Fiction,Humor & Entertainment,Television,4.3,5977,12.0
319,106,"The 4 Hour Body: An Uncommon Guide to Rapid Fat Loss, Incredible Sex and Becoming Superhuman",Timothy Ferriss,2011,25,Non Fiction,"Crafts, Hobbies & Home",Home Improvement & Design,4.3,4587,21.0
181,107,"In the Garden of Beasts: Love, Terror, and an American Family in Hitler's Berlin",Eric Larson,2011,26,Non Fiction,Biographies & Memoirs,Historical,4.4,4571,21.0
321,79,The 5 Love Languages: The Secret to Love That Lasts,Gary Chapman,2011,27,Non Fiction,Self-Help,Relationships,4.7,3477,28.0
52,38,Crazy Love: Overwhelmed by a Relentless God,Francis Chan,2011,28,Non Fiction,Christian Books & Bibles,Christian Living,4.7,1542,14.0
12,108,A Stolen Life: A Memoir,Jaycee Dugard,2011,29,Non Fiction,Biographies & Memoirs,Autobiography,4.6,4149,32.0
385,51,The Girl Who Kicked the Hornet's Nest (Millennium Trilogy),Stieg Larsson,2011,30,Fiction,"Mystery, Thriller & Suspense",Thrillers & Suspense,4.7,7747,14.0
525,109,Water for Elephants: A Novel,Sara Gruen,2011,31,Fiction,Literature & Fiction,Genre Fiction,4.5,8958,12.0
371,32,The Five Dysfunctions of a Team: A Leadership Fable,Patrick Lencioni,2011,32,Non Fiction,Business & Money,Management & Leadership,4.6,3207,6.0
421,110,The Lego Ideas Book: Unlock Your Imagination,Daniel Lipkowitz,2011,33,Non Fiction,Children's Books,"Activities, Crafts & Games",4.4,4247,13.0
255,111,One Thousand Gifts: A Dare to Live Fully Right Where You Are,Ann Voskamp,2011,34,Non Fiction,Christian Books & Bibles,Christian Living,4.6,3163,13.0
332,46,The 7 Habits of Highly Effective People: Powerful Lessons in Personal Change,Stephen R. Covey,2011,35,Non Fiction,Self-Help,Motivational,4.6,9325,24.0
469,112,"The Throne of Fire (The Kane Chronicles, Book 2)",Rick Riordan,2011,36,Fiction,Children's Books,Growing Up & Facts of Life,4.7,1463,10.0
62,113,"Dead Reckoning (Sookie Stackhouse/True Blood, Book 11)",Charlaine Harris,2011,37,Fiction,Fantasy,Contemporary,4.2,2094,4.0
141,29,Good to Great: Why Some Companies Make the Leap and Others Don't,Jim Collins,2011,38,Non Fiction,Business & Money,Biography & History,4.5,3457,14.0
427,114,The Litigators,John Grisham,2011,39,Fiction,"Mystery, Thriller & Suspense",Thrillers & Suspense,4.4,6222,18.0
222,115,"Love Wins: A Book About Heaven, Hell, and the Fate of Every Person Who Ever Lived",Rob Bell,2011,40,Non Fiction,Christian Books & Bibles,Christian Living,4.2,1649,13.0
405,7,The Help,Kathryn Stockett,2011,41,Fiction,Literature & Fiction,United States,4.8,13871,7.0
494,116,"Thinking, Fast and Slow",Daniel Kahneman,2011,42,Non Fiction,Business & Money,Management & Leadership,4.6,11034,19.0
445,117,The Paris Wife: A Novel,Paula McLain,2011,43,Fiction,Literature & Fiction,Genre Fiction,4.3,3759,16.0
285,86,Radical: Taking Back Your Faith from the American Dream,David Platt,2011,44,Non Fiction,Christian Books & Bibles,Christian Living,4.7,1985,9.0
341,78,The Art of Racing in the Rain: A Novel,Garth Stein,2011,45,Fiction,Literature & Fiction,Genre Fiction,4.7,11813,10.0
317,71,Teach Like a Champion: 49 Techniques that Put Students on the Path to College,Doug Lemov,2011,46,Non Fiction,Education,Education & Reference,4.4,637,20.0
93,118,"Eat to Live: The Amazing Nutrient-Rich Program for Fast and Sustained Weight Loss, Revised Edition",Joel Fuhrman MD,2011,47,Non Fiction,"Health, Fitness & Dieting",Diets & Weight Loss,4.5,6346,9.0
354,119,The China Study: The Most Comprehensive Study of Nutrition Ever Conducted And the Startling Implications for Diet…,Thomas Campbell,2011,48,Non Fiction,"Health, Fitness & Dieting",Diets & Weight Loss,4.7,4633,21.0
530,120,What to Expect When You're Expecting,Heidi Murkoff,2011,49,Non Fiction,"Health, Fitness & Dieting",Women's Health,4.4,3341,9.0
363,121,"The Dukan Diet: 2 Steps to Lose the Weight, 2 Steps to Keep It Off Forever",Pierre Dukan,2011,50,Non Fiction,Children's Books,"Arts, Music & Photography",4.1,2023,15.0
106,122,Fifty Shades of Grey: Book One of the Fifty Shades Trilogy (Fifty Shades of Grey Series),E L James,2012,1,Fiction,Literature & Fiction,Women's Fiction,3.8,47265,14.0
104,123,Fifty Shades Darker,E L James,2012,2,Fiction,Literature & Fiction,Women's Fiction,4.4,23631,7.0
105,124,Fifty Shades Freed: Book Three of the Fifty Shades Trilogy (Fifty Shades of Grey Series) (English Edition),E L James,2012,3,Fiction,Literature & Fiction,Women's Fiction,4.5,20262,11.0
409,94,The Hunger Games (Book 1),Suzanne Collins,2012,4,Fiction,Teen & Young Adult,Literature & Fiction,4.7,32122,8.0
307,6,StrengthsFinder 2.0,Gallup,2012,5,Non Fiction,Business & Money,Management & Leadership,4.0,5069,17.0
108,125,Fifty Shades Trilogy (Fifty Shades of Grey / Fifty Shades Darker / Fifty Shades Freed),E L James,2012,6,Fiction,Literature & Fiction,Women's Fiction,4.5,13964,32.0
48,72,Catching Fire (The Hunger Games),Suzanne Collins,2012,7,Fiction,Teen & Young Adult,Literature & Fiction,4.7,22614,11.0
238,55,Mockingjay (The Hunger Games),Suzanne Collins,2012,8,Fiction,Teen & Young Adult,Literature & Fiction,4.5,26741,8.0
468,126,"The Third Wheel (Diary of a Wimpy Kid, Book 7)",Jeff Kinney,2012,9,Fiction,Children's Books,Humor,4.7,6377,7.0
243,127,No Easy Day: The Autobiography of a Navy Seal: The Firsthand Account of the Mission That Killed Osama Bin Laden,Mark Owen,2012,10,Non Fiction,Biographies & Memoirs,Leaders & Notable People,4.6,8093,14.0
411,104,The Hunger Games Trilogy Boxed Set (1),Suzanne Collins,2012,11,Fiction,Teen & Young Adult,Literature & Fiction,4.8,16949,30.0
135,128,Gone Girl,Gillian Flynn,2012,12,Fiction,"Mystery, Thriller & Suspense",Thrillers & Suspense,4.0,57271,10.0
432,129,"The Mark of Athena (Heroes of Olympus, Book 3)",Rick Riordan,2012,13,Fiction,Children's Books,"Fairy Tales, Folk Tales & Myths",4.8,6247,10.0
441,67,The Official SAT Study Guide,The College Board,2012,14,Non Fiction,Teen & Young Adult,Education & Reference,4.4,1201,40.0
119,97,Game of Thrones Boxed Set: A Game of Thrones/A Clash of Kings/A Storm of Swords/A Feast for Crows,George R.R. Martin,2012,15,Fiction,Literature & Fiction,Genre Fiction,4.6,5594,5.0
197,130,Killing Kennedy: The End of Camelot,Bill O'Reilly,2012,16,Non Fiction,Biographies & Memoirs,Leaders & Notable People,4.6,8634,25.0
274,25,"Publication Manual of the American Psychological Association, 6th Edition",American Psychological Association,2012,17,Non Fiction,"New, Used & Rental Textbooks",Social Sciences,4.5,8580,46.0
199,101,Killing Lincoln: The Shocking Assassination that Changed America Forever (Bill O'Reilly's Killing Series),Bill O'Reilly,2012,18,Non Fiction,History,Americas,4.7,9342,10.0
517,60,"Unbroken: A World War II Story of Survival, Resilience, and Redemption",Laura Hillenbrand,2012,19,Non Fiction,Biographies & Memoirs,Leaders & Notable People,4.8,29673,16.0
269,131,Proof of Heaven: A Neurosurgeon's Journey into the Afterlife,Eben Alexander,2012,20,Non Fiction,Medical Books,Medicine,4.3,13616,10.0
322,79,The 5 Love Languages: The Secret to Love That Lasts,Gary Chapman,2012,21,Non Fiction,Self-Help,Relationships,4.7,3477,28.0
30,132,Barefoot Contessa Foolproof: Recipes You Can Trust: A Cookbook,Ina Garten,2012,22,Non Fiction,"Cookbooks, Food & Wine",Regional & International,4.8,1296,24.0
495,116,"Thinking, Fast and Slow",Daniel Kahneman,2012,23,Non Fiction,Business & Money,Management & Leadership,4.6,11034,19.0
353,133,The Casual Vacancy,J.K. Rowling,2012,24,Fiction,Humor & Entertainment,Humor,3.3,9372,12.0
400,134,The Harbinger: The Ancient Mystery that Holds the Secret of America's Future,Jonathan Cahn,2012,25,Fiction,Religion & Spirituality,Literature & Fiction,4.6,11098,13.0
453,135,The Power of Habit: Why We Do What We Do in Life and Business,Charles Duhigg,2012,26,Non Fiction,"Health, Fitness & Dieting",Psychology & Counseling,4.6,10795,21.0
302,91,Steve Jobs,Walter Isaacson,2012,27,Non Fiction,Biographies & Memoirs,Professionals & Academics,4.6,7827,20.0
531,136,"Wheat Belly: Lose the Wheat, Lose the Weight, and Find Your Path Back to Health",William Davis,2012,28,Non Fiction,"Crafts, Hobbies & Home",Home Improvement & Design,4.4,7497,6.0
245,137,"Oh, the Places You'll Go!",Dr. Seuss,2012,29,Fiction,Children's Books,Education & Reference,4.9,21834,8.0
333,46,The 7 Habits of Highly Effective People: Powerful Lessons in Personal Change,Stephen R. Covey,2012,30,Non Fiction,Self-Help,Motivational,4.6,9325,24.0
372,32,The Five Dysfunctions of a Team: A Leadership Fable,Patrick Lencioni,2012,31,Non Fiction,Business & Money,Management & Leadership,4.6,3207,6.0
282,138,Quiet: The Power of Introverts in a World That Can't Stop Talking,Susan Cain,2012,32,Non Fiction,Self-Help,Relationships,4.6,10009,20.0
394,139,The Great Gatsby,F. Scott Fitzgerald,2012,33,Fiction,Literature & Fiction,Genre Fiction,4.4,11616,7.0
455,140,The Racketeer,John Grisham,2012,34,Fiction,"Mystery, Thriller & Suspense",Thrillers & Suspense,4.3,14493,18.0
344,141,"The Blood Sugar Solution: The UltraHealthy Program for Losing Weight, Preventing Disease, and Feeling Great Now!",Mark Hyman M.D.,2012,35,Non Fiction,"Cookbooks, Food & Wine",Special Diet,4.2,1789,14.0
146,142,"Goodnight, Goodnight Construction Site (Hardcover Books for Toddlers, Preschool Books for Kids)",Sherri Duskey Rinker,2012,36,Fiction,Children's Books,Growing Up & Facts of Life,4.9,7038,7.0
414,69,The Immortal Life of Henrietta Lacks,Rebecca Skloot,2012,37,Non Fiction,History,Americas,4.7,9289,9.0
365,143,The Fault in Our Stars,John Green,2012,38,Fiction,Teen & Young Adult,Literature & Fiction,4.7,50482,13.0
458,144,"The Serpent's Shadow (The Kane Chronicles, Book 3)",Rick Riordan,2012,39,Fiction,Children's Books,Science Fiction & Fantasy,4.8,2091,12.0
256,111,One Thousand Gifts: A Dare to Live Fully Right Where You Are,Ann Voskamp,2012,40,Non Fiction,Christian Books & Bibles,Christian Living,4.6,3163,13.0
537,145,Wild: From Lost to Found on the Pacific Crest Trail,Cheryl Strayed,2012,41,Non Fiction,Travel ,United States,4.4,17044,18.0
538,146,Winter of the World: Book Two of the Century Trilogy,Ken Follett,2012,42,Fiction,Literature & Fiction,Genre Fiction,4.5,10760,15.0
448,147,The Pioneer Woman Cooks: Food from My Frontier,Ree Drummond,2012,43,Non Fiction,"Cookbooks, Food & Wine",Entertaining & Holidays,4.8,2876,21.0
422,110,The Lego Ideas Book: Unlock Your Imagination,Daniel Lipkowitz,2012,44,Non Fiction,Children's Books,"Activities, Crafts & Games",4.4,4247,13.0
162,92,Heaven is for Real: A Little Boy's Astounding Story of His Trip to Heaven and Back,Todd Burpo,2012,45,Non Fiction,Self-Help,Relationships,4.7,15779,10.0
188,103,Jesus Calling: Enjoying Peace in His Presence (with Scripture References),Sarah Young,2012,46,Non Fiction,Religion & Spirituality,Worship & Devotion,4.9,19576,8.0
94,118,"Eat to Live: The Amazing Nutrient-Rich Program for Fast and Sustained Weight Loss, Revised Edition",Joel Fuhrman MD,2012,47,Non Fiction,"Health, Fitness & Dieting",Diets & Weight Loss,4.5,6346,9.0
497,148,Thomas Jefferson: The Art of Power,Jon Meacham,2012,48,Non Fiction,Biographies & Memoirs,Leaders & Notable People,4.5,1904,23.0
142,29,Good to Great: Why Some Companies Make the Leap and Others Don't,Jim Collins,2012,49,Non Fiction,Business & Money,Biography & History,4.5,3457,14.0
339,149,The Amateur,Edward Klein,2012,50,Non Fiction,Politics & Social Sciences,Politics & Government,4.6,2580,9.0
308,6,StrengthsFinder 2.0,Gallup,2013,1,Non Fiction,Business & Money,Management & Leadership,4.0,5069,17.0
213,150,"Lean In: Women, Work, and the Will to Lead",Sheryl Sandberg,2013,2,Non Fiction,Biographies & Memoirs,Professionals & Academics,4.5,6132,13.0
71,151,"Diary of a Wimpy Kid: Hard Luck, Book 8",Jeff Kinney,2013,3,Fiction,Children's Books,Growing Up & Facts of Life,4.8,6812,0.0
288,152,Rush Revere and the Brave Pilgrims: Time-Travel Adventures with Exceptional Americans (1),Rush Limbaugh,2013,4,Fiction,Children's Books,Literature & Fiction,4.9,7150,12.0
189,103,Jesus Calling: Enjoying Peace in His Presence (with Scripture References),Sarah Young,2013,5,Non Fiction,Religion & Spirituality,Worship & Devotion,4.9,19576,8.0
182,153,Inferno,Dan Brown,2013,6,Fiction,Literature & Fiction,Action & Adventure,4.1,29651,14.0
406,154,"The House of Hades (Heroes of Olympus, Book 4)",Rick Riordan,2013,7,Fiction,Children's Books,"Fairy Tales, Folk Tales & Myths",4.8,6982,14.0
493,155,"Things That Matter: Three Decades of Passions, Pastimes and Politics [Deckled Edge]",Charles Krauthammer,2013,8,Non Fiction,Politics & Social Sciences,Politics & Government,4.7,7034,15.0
395,139,The Great Gatsby,F. Scott Fitzgerald,2013,9,Fiction,Literature & Fiction,Genre Fiction,4.4,11616,7.0
196,156,Killing Jesus (Bill O'Reilly's Killing Series),Bill O'Reilly,2013,10,Non Fiction,History,World,4.5,11391,12.0
270,131,Proof of Heaven: A Neurosurgeon's Journey into the Afterlife,Eben Alexander,2013,11,Non Fiction,Medical Books,Medicine,4.3,13616,10.0
69,157,"Diagnostic and Statistical Manual of Mental Disorders, 5th Edition: DSM-5",American Psychiatric Association,2013,12,Non Fiction,"Health, Fitness & Dieting",Psychology & Counseling,4.5,6679,105.0
442,67,The Official SAT Study Guide,The College Board,2013,13,Non Fiction,Teen & Young Adult,Education & Reference,4.4,1201,40.0
366,143,The Fault in Our Stars,John Green,2013,14,Fiction,Teen & Young Adult,Literature & Fiction,4.7,50482,13.0
347,158,The Book Thief,Markus Zusak,2013,15,Fiction,Children's Books,Growing Up & Facts of Life,4.6,23148,6.0
540,159,Wonder,R. J. Palacio,2013,16,Fiction,Children's Books,Growing Up & Facts of Life,4.8,21625,9.0
323,79,The 5 Love Languages: The Secret to Love That Lasts,Gary Chapman,2013,17,Non Fiction,Self-Help,Relationships,4.7,3477,28.0
275,25,"Publication Manual of the American Psychological Association, 6th Edition",American Psychological Association,2013,18,Non Fiction,"New, Used & Rental Textbooks",Social Sciences,4.5,8580,46.0
75,160,Divergent,Veronica Roth,2013,19,Fiction,Teen & Young Adult,Literature & Fiction,4.6,27098,15.0
208,161,Laugh-Out-Loud Jokes for Kids,Rob Elliott,2013,20,Non Fiction,Children's Books,Humor,4.6,6990,4.0
246,137,"Oh, the Places You'll Go!",Dr. Seuss,2013,21,Fiction,Children's Books,Education & Reference,4.9,21834,8.0
59,162,"David and Goliath: Underdogs, Misfits, and the Art of Battling Giants",Malcolm Gladwell,2013,22,Non Fiction,Business & Money,Business Culture,4.4,4642,13.0
120,97,Game of Thrones Boxed Set: A Game of Thrones/A Clash of Kings/A Storm of Swords/A Feast for Crows,George R.R. Martin,2013,23,Fiction,Literature & Fiction,Genre Fiction,4.6,5594,5.0
22,163,Allegiant,Veronica Roth,2013,24,Fiction,Teen & Young Adult,Literature & Fiction,3.9,6310,13.0
24,164,And the Mountains Echoed,Khaled Hosseini,2013,25,Fiction,Literature & Fiction,Genre Fiction,4.3,12159,13.0
172,165,Humans of New York,Brandon Stanton,2013,26,Non Fiction,Arts & Photography,Photography & Video,4.8,3490,15.0
420,166,The Legend of Zelda: Hyrule Historia,Patrick Thorpe,2013,27,Fiction,Arts & Photography,Other Media,4.9,5396,20.0
79,167,Doctor Sleep: A Novel,Stephen King,2013,28,Fiction,"Mystery, Thriller & Suspense",Thrillers & Suspense,4.7,15845,13.0
204,168,Knock-Knock Jokes for Kids,Rob Elliott,2013,29,Non Fiction,Children's Books,Humor,4.5,3673,4.0
392,169,The Goldfinch: A Novel (Pulitzer Prize for Fiction),Donna Tartt,2013,30,Fiction,LGBTQ+ Books,Literature & Fiction,3.9,33844,20.0
375,170,The Four Agreements: A Practical Guide to Personal Freedom (A Toltec Wisdom Book),Don Miguel Ruiz,2013,31,Non Fiction,Self-Help,Personal Transformation,4.7,23308,6.0
136,128,Gone Girl,Gillian Flynn,2013,32,Fiction,"Mystery, Thriller & Suspense",Thrillers & Suspense,4.0,57271,10.0
122,171,George Washington's Secret Six: The Spy Ring That Saved the American Revolution,Brian Kilmeade,2013,33,Non Fiction,History,Americas,4.6,4799,16.0
283,138,Quiet: The Power of Introverts in a World That Can't Stop Talking,Susan Cain,2013,34,Non Fiction,Self-Help,Relationships,4.6,10009,7.0
147,142,"Goodnight, Goodnight Construction Site (Hardcover Books for Toddlers, Preschool Books for Kids)",Sherri Duskey Rinker,2013,35,Fiction,Children's Books,Growing Up & Facts of Life,4.9,7038,7.0
315,172,Sycamore Row (Jake Brigance),John Grisham,2013,36,Fiction,"Mystery, Thriller & Suspense",Thrillers & Suspense,4.5,23114,18.0
532,136,"Wheat Belly: Lose the Wheat, Lose the Weight, and Find Your Path Back to Health",William Davis,2013,37,Non Fiction,"Crafts, Hobbies & Home",Home Improvement & Design,4.4,7497,6.0
446,173,"The Pioneer Woman Cooks: A Year of Holidays: 140 Step-by-Step Recipes for Simple, Scrumptious Celebrations",Ree Drummond,2013,38,Non Fiction,"Cookbooks, Food & Wine",Entertaining & Holidays,4.8,2663,17.0
360,174,The Day the Crayons Quit,Drew Daywalt,2013,39,Fiction,Children's Books,"Arts, Music & Photography",4.8,8922,9.0
152,175,"Happy, Happy, Happy: My Life and Legacy as the Duck Commander",Phil Robertson,2013,40,Non Fiction,Biographies & Memoirs,Leaders & Notable People,4.8,4148,11.0
476,176,The Very Hungry Caterpillar,Eric Carle,2013,41,Fiction,Children's Books,Early Learning,4.9,19546,5.0
58,177,"Daring Greatly: How the Courage to Be Vulnerable Transforms the Way We Live, Love, Parent, and Lead",Brené Brown,2013,42,Non Fiction,Self-Help,Relationships,4.8,1329,10.0
334,46,The 7 Habits of Highly Effective People: Powerful Lessons in Personal Change,Stephen R. Covey,2013,43,Non Fiction,Self-Help,Motivational,4.6,9325,24.0
194,178,Joyland (Hard Case Crime),Stephen King,2013,44,Fiction,Literature & Fiction,Genre Fiction,4.5,4748,12.0
107,122,Fifty Shades of Grey: Book One of the Fifty Shades Trilogy (Fifty Shades of Grey Series),E L James,2013,45,Fiction,Literature & Fiction,Women's Fiction,3.8,47265,14.0
300,179,"Soul Healing Miracles: Ancient and New Sacred Wisdom, Knowledge, and Practical Techniques for Healing the Spiritual…",Zhi Gang Sha,2013,46,Non Fiction,"Health, Fitness & Dieting",Alternative Medicine,4.6,220,17.0
298,180,Shred: The Revolutionary Diet: 6 Weeks 4 Inches 2 Sizes,Ian K. Smith M.D.,2013,47,Non Fiction,"Health, Fitness & Dieting",Diets & Weight Loss,4.1,2272,6.0
175,181,"Hyperbole and a Half: Unfortunate Situations, Flawed Coping Mechanisms, Mayhem, and Other Things That Happened",Allie Brosh,2013,48,Non Fiction,Comics & Graphic Novels,Graphic Novels,4.7,4896,17.0
505,182,To Kill a Mockingbird,Harper Lee,2013,49,Fiction,Literature & Fiction,Genre Fiction,4.8,26234,0.0
373,32,The Five Dysfunctions of a Team: A Leadership Fable,Patrick Lencioni,2013,50,Non Fiction,Business & Money,Management & Leadership,4.6,3207,6.0
309,6,StrengthsFinder 2.0,Gallup,2014,1,Non Fiction,Business & Money,Management & Leadership,4.0,5069,17.0
116,183,Frozen (Little Golden Book),RH Disney,2014,2,Fiction,Children's Books,Growing Up & Facts of Life,4.7,3642,0.0
209,161,Laugh-Out-Loud Jokes for Kids,Rob Elliott,2014,3,Non Fiction,Children's Books,Humor,4.6,6990,4.0
367,143,The Fault in Our Stars,John Green,2014,4,Fiction,Teen & Young Adult,Literature & Fiction,4.7,50482,7.0
73,184,Diary of a Wimpy Kid: The Long Haul,Jeff Kinney,2014,5,Fiction,Children's Books,Growing Up & Facts of Life,4.8,6540,22.0
527,185,What If?: Serious Scientific Answers to Absurd Hypothetical Questions,Randall Munroe,2014,6,Non Fiction,Humor & Entertainment,Puzzles &  Games,4.7,9292,17.0
343,186,The Blood of Olympus (The Heroes of Olympus (5)),Rick Riordan,2014,7,Fiction,Children's Books,Science Fiction & Fantasy,4.8,6600,11.0
190,103,Jesus Calling: Enjoying Peace in His Presence (with Scripture References),Sarah Young,2014,8,Non Fiction,Religion & Spirituality,Worship & Devotion,4.9,19576,8.0
518,60,"Unbroken: A World War II Story of Survival, Resilience, and Redemption",Laura Hillenbrand,2014,9,Non Fiction,Biographies & Memoirs,Leaders & Notable People,4.8,29673,13.0
514,187,Ultimate Sticker Book: Frozen: More Than 60 Reusable Full-Color Stickers,DK,2014,10,Fiction,Children's Books,Growing Up & Facts of Life,4.5,2586,5.0
361,174,The Day the Crayons Quit,Drew Daywalt,2014,11,Fiction,Children's Books,"Arts, Music & Photography",4.8,8922,9.0
76,160,Divergent,Veronica Roth,2014,12,Fiction,Teen & Young Adult,Literature & Fiction,4.6,27098,15.0
368,143,The Fault in Our Stars,John Green,2014,13,Fiction,Teen & Young Adult,Literature & Fiction,4.7,50482,13.0
247,137,"Oh, the Places You'll Go!",Dr. Seuss,2014,14,Fiction,Children's Books,Education & Reference,4.9,21834,8.0
506,182,To Kill a Mockingbird,Harper Lee,2014,15,Fiction,Literature & Fiction,Genre Fiction,4.8,26234,0.0
137,128,Gone Girl,Gillian Flynn,2014,16,Fiction,"Mystery, Thriller & Suspense",Thrillers & Suspense,4.0,57271,9.0
348,158,The Book Thief,Markus Zusak,2014,17,Fiction,Children's Books,Growing Up & Facts of Life,4.6,23148,6.0
443,67,The Official SAT Study Guide,The College Board,2014,18,Non Fiction,Teen & Young Adult,Education & Reference,4.4,1201,40.0
173,165,Humans of New York,Brandon Stanton,2014,19,Non Fiction,Arts & Photography,Photography & Video,4.8,3490,15.0
393,169,The Goldfinch: A Novel (Pulitzer Prize for Fiction),Donna Tartt,2014,20,Fiction,LGBTQ+ Books,Literature & Fiction,3.9,33844,20.0
70,157,"Diagnostic and Statistical Manual of Mental Disorders, 5th Edition: DSM-5",American Psychiatric Association,2014,21,Non Fiction,"Health, Fitness & Dieting",Psychology & Counseling,4.5,6679,105.0
541,159,Wonder,R. J. Palacio,2014,22,Fiction,Children's Books,Growing Up & Facts of Life,4.8,21625,9.0
349,188,The Book with No Pictures,B. J. Novak,2014,23,Fiction,Children's Books,Growing Up & Facts of Life,4.8,8081,8.0
289,189,Rush Revere and the First Patriots: Time-Travel Adventures With Exceptional Americans (2),Rush Limbaugh,2014,24,Fiction,Children's Books,Literature & Fiction,4.9,3836,12.0
324,79,The 5 Love Languages: The Secret to Love That Lasts,Gary Chapman,2014,25,Non Fiction,Self-Help,Relationships,4.7,3477,28.0
205,168,Knock-Knock Jokes for Kids,Rob Elliott,2014,26,Non Fiction,Children's Books,Humor,4.5,3673,4.0
193,190,JOURNEY TO THE ICE P,RH Disney,2014,27,Fiction,Children's Books,Growing Up & Facts of Life,4.6,978,0.0
276,25,"Publication Manual of the American Psychological Association, 6th Edition",American Psychological Association,2014,28,Non Fiction,"New, Used & Rental Textbooks",Social Sciences,4.5,8580,46.0
219,191,Little Blue Truck,Alice Schertle,2014,29,Fiction,Children's Books,Animals,4.9,1884,0.0
226,192,Make It Ahead: A Barefoot Contessa Cookbook,Ina Garten,2014,30,Non Fiction,"Cookbooks, Food & Wine",Regional & International,4.5,1386,20.0
110,193,First 100 Words,Roger Priddy,2014,31,Non Fiction,Children's Books,Education & Reference,4.7,17323,4.0
180,194,If I Stay,Gayle Forman,2014,32,Fiction,Children's Books,"Arts, Music & Photography",4.3,7153,9.0
6,195,A Game of Thrones / A Clash of Kings / A Storm of Swords / A Feast of Crows / A Dance with Dragons,George R. R. Martin,2014,33,Fiction,Literature & Fiction,Genre Fiction,4.7,19735,30.0
77,196,Divergent / Insurgent,Veronica Roth,2014,34,Fiction,Teen & Young Adult,Literature & Fiction,4.5,17684,6.0
45,197,Capital in the Twenty First Century,Thomas Piketty,2014,35,Non Fiction,Politics & Social Sciences,Politics & Government,4.5,2884,28.0
259,198,Orphan Train,Christina Baker Kline,2014,36,Fiction,Literature & Fiction,Literary,4.6,21930,11.0
233,199,Mindset: The New Psychology of Success,Carol S. Dweck,2014,37,Non Fiction,"Health, Fitness & Dieting",Psychology & Counseling,4.6,5542,10.0
166,200,How to Win Friends & Influence People,Dale Carnegie,2014,38,Non Fiction,Self-Help,Relationships,4.7,25001,11.0
477,176,The Very Hungry Caterpillar,Eric Carle,2014,39,Fiction,Children's Books,Early Learning,4.9,19546,5.0
20,201,All the Light We Cannot See,Anthony Doerr,2014,40,Fiction,Literature & Fiction,Genre Fiction,4.6,36348,14.0
148,202,"Grain Brain: The Surprising Truth about Wheat, Carbs, and Sugar--Your Brain's Silent Killers",David Perlmutter MD,2014,41,Non Fiction,"Health, Fitness & Dieting",Diets & Weight Loss,4.6,5972,10.0
519,60,"Unbroken: A World War II Story of Survival, Resilience, and Redemption",Laura Hillenbrand,2014,42,Non Fiction,Biographies & Memoirs,Leaders & Notable People,4.8,29673,16.0
500,203,Thug Kitchen: The Official Cookbook: Eat Like You Give a F*ck (Thug Kitchen Cookbooks),Thug Kitchen,2014,43,Non Fiction,"Cookbooks, Food & Wine",Vegetarian & Vegan,4.6,11128,23.0
338,204,The Alchemist,Paulo Coelho,2014,44,Fiction,Literature & Fiction,Genre Fiction,4.7,35799,39.0
221,205,Looking for Alaska,John Green,2014,45,Fiction,Teen & Young Adult,Literature & Fiction,4.5,8491,7.0
396,139,The Great Gatsby,F. Scott Fitzgerald,2014,46,Fiction,Literature & Fiction,Genre Fiction,4.4,11616,7.0
351,206,The Boys in the Boat: Nine Americans and Their Epic Quest for Gold at the 1936 Berlin Olympics,Daniel James Brown,2014,47,Non Fiction,History,Americas,4.8,23358,12.0
223,207,Love You Forever,Robert Munsch,2014,48,Fiction,Children's Books,Classics,4.8,18613,5.0
434,208,The Maze Runner (Book 1),James Dashner,2014,49,Fiction,Teen & Young Adult,Literature & Fiction,4.5,10101,8.0
200,209,Killing Patton: The Strange Death of World War II's Most Audacious General (Bill O'Reilly's Killing Series),Bill O'Reilly,2014,50,Non Fiction,Biographies & Memoirs,Leaders & Notable People,4.6,10927,6.0
111,193,First 100 Words,Roger Priddy,2015,1,Non Fiction,Children's Books,Education & Reference,4.7,17323,4.0
423,210,The Life-Changing Magic of Tidying Up: The Japanese Art of Decluttering and Organizing,Marie Kondō,2015,2,Non Fiction,"Crafts, Hobbies & Home",Home Improvement & Design,4.5,22641,11.0
210,161,Laugh-Out-Loud Jokes for Kids,Rob Elliott,2015,3,Non Fiction,Children's Books,Humor,4.6,6990,4.0
295,211,"Secret Garden: An Inky Treasure Hunt and Coloring Book (For Adults, mindfulness coloring)",Johanna Basford,2015,4,Non Fiction,Arts & Photography,Graphic Design,4.7,9366,9.0
310,6,StrengthsFinder 2.0,Gallup,2015,5,Non Fiction,Business & Money,Management & Leadership,4.0,5069,17.0
132,212,Go Set a Watchman: A Novel,Harper Lee,2015,6,Fiction,Literature & Fiction,Genre Fiction,3.6,14982,19.0
99,213,"Enchanted Forest: An Inky Quest and Coloring book (Activity Books, Mindfulness and Meditation, Illustrated Floral Prints…",Johanna Basford,2015,7,Non Fiction,"Crafts, Hobbies & Home",Crafts & Hobbies,4.7,5413,9.0
21,201,All the Light We Cannot See,Anthony Doerr,2015,8,Fiction,Literature & Fiction,Genre Fiction,4.6,36348,14.0
382,214,The Girl on the Train,Paula Hawkins,2015,9,Fiction,"Mystery, Thriller & Suspense",Thrillers & Suspense,4.1,79446,18.0
17,215,Adult Coloring Book: Stress Relieving Patterns,Blue Star Coloring,2015,10,Non Fiction,"Crafts, Hobbies & Home",Crafts & Hobbies,4.4,2951,6.0
253,216,Old School (Diary of a Wimpy Kid #10),Jeff Kinney,2015,11,Fiction,Children's Books,Growing Up & Facts of Life,4.8,6169,7.0
507,182,To Kill a Mockingbird,Harper Lee,2015,12,Fiction,Literature & Fiction,Genre Fiction,4.8,26234,0.0
16,217,Adult Coloring Book: Stress Relieving Animal Designs,Blue Star Coloring,2015,13,Non Fiction,"Crafts, Hobbies & Home",Crafts & Hobbies,4.6,2925,6.0
18,218,"Adult Coloring Books: A Coloring Book for Adults Featuring Mandalas and Henna Inspired Flowers, Animals, and Paisley…",Coloring Books for Adults,2015,14,Non Fiction,"Crafts, Hobbies & Home",Crafts & Hobbies,4.5,2426,8.0
174,219,Humans of New York : Stories,Brandon Stanton,2015,15,Non Fiction,Arts & Photography,Photography & Video,4.9,2812,17.0
433,220,The Martian,Andy Weir,2015,16,Fiction,"Mystery, Thriller & Suspense",Thrillers & Suspense,4.7,39459,9.0
248,137,"Oh, the Places You'll Go!",Dr. Seuss,2015,17,Fiction,Children's Books,Education & Reference,4.9,21834,8.0
206,168,Knock-Knock Jokes for Kids,Rob Elliott,2015,18,Non Fiction,Children's Books,Humor,4.5,3673,4.0
63,221,Dear Zoo: A Lift-the-Flap Book,Rod Campbell,2015,19,Fiction,Children's Books,Animals,4.8,10922,5.0
362,174,The Day the Crayons Quit,Drew Daywalt,2015,20,Fiction,Children's Books,"Arts, Music & Photography",4.8,8922,9.0
352,206,The Boys in the Boat: Nine Americans and Their Epic Quest for Gold at the 1936 Berlin Olympics,Daniel James Brown,2015,21,Non Fiction,History,Americas,4.8,23358,12.0
191,103,Jesus Calling: Enjoying Peace in His Presence (with Scripture References),Sarah Young,2015,22,Non Fiction,Religion & Spirituality,Worship & Devotion,4.9,19576,8.0
234,199,Mindset: The New Psychology of Success,Carol S. Dweck,2015,23,Non Fiction,"Health, Fitness & Dieting",Psychology & Counseling,4.6,5542,10.0
149,222,Grey: Fifty Shades of Grey as Told by Christian (Fifty Shades of Grey Series),E L James,2015,24,Fiction,Literature & Fiction,Women's Fiction,4.4,25624,14.0
54,223,Creative Haven Creative Cats Coloring Book (Adult Coloring),Marjorie Sarnat,2015,25,Non Fiction,"Crafts, Hobbies & Home",Crafts & Hobbies,4.8,4022,4.0
167,200,How to Win Friends & Influence People,Dale Carnegie,2015,26,Non Fiction,Self-Help,Relationships,4.7,25001,11.0
325,224,The 5 Love Languages: The Secret to Love that Lasts,Gary Chapman,2015,27,Non Fiction,Self-Help,Relationships,4.8,25554,8.0
29,225,Balance (Angie's Extreme Stress Menders),Angie Grace,2015,28,Non Fiction,"Crafts, Hobbies & Home",Crafts & Hobbies,4.6,1909,11.0
55,226,Creative Haven Owls Coloring Book (Adult Coloring),Marjorie Sarnat,2015,29,Non Fiction,"Crafts, Hobbies & Home",Crafts & Hobbies,4.8,3871,5.0
501,203,Thug Kitchen: The Official Cookbook: Eat Like You Give a F*ck (Thug Kitchen Cookbooks),Thug Kitchen,2015,30,Non Fiction,"Cookbooks, Food & Wine",Vegetarian & Vegan,4.6,11128,23.0
123,227,Giraffes Can't Dance,Giles Andreae,2015,31,Fiction,Children's Books,"Arts, Music & Photography",4.8,14038,4.0
542,159,Wonder,R. J. Palacio,2015,32,Fiction,Children's Books,Growing Up & Facts of Life,4.8,21625,9.0
335,46,The 7 Habits of Highly Effective People: Powerful Lessons in Personal Change,Stephen R. Covey,2015,33,Non Fiction,Self-Help,Motivational,4.7,4725,16.0
376,170,The Four Agreements: A Practical Guide to Personal Freedom (A Toltec Wisdom Book),Don Miguel Ruiz,2015,34,Non Fiction,Self-Help,Personal Transformation,4.7,23308,6.0
34,228,Being Mortal: Medicine and What Matters in the End,Atul Gawande,2015,35,Non Fiction,Medical Books,Administration & Medicine Economics,4.8,11113,15.0
224,207,Love You Forever,Robert Munsch,2015,36,Fiction,Children's Books,Classics,4.8,18613,5.0
478,176,The Very Hungry Caterpillar,Eric Carle,2015,37,Fiction,Children's Books,Early Learning,4.9,19546,5.0
277,25,"Publication Manual of the American Psychological Association, 6th Edition",American Psychological Association,2015,38,Non Fiction,"New, Used & Rental Textbooks",Social Sciences,4.5,8580,46.0
35,229,Between the World and Me,Ta-Nehisi Coates,2015,39,Non Fiction,Biographies & Memoirs,Cultural & Regional,4.7,10070,13.0
28,230,Baby Touch and Feel: Animals,DK,2015,40,Non Fiction,Children's Books,Early Learning,4.6,5360,5.0
350,188,The Book with No Pictures,B. J. Novak,2015,41,Fiction,Children's Books,Growing Up & Facts of Life,4.8,8081,8.0
492,231,The Wright Brothers,David McCullough,2015,42,Non Fiction,Engineering & Transportation,Transportation,4.7,6169,16.0
89,232,Dover Creative Haven Art Nouveau Animal Designs Coloring Book (Creative Haven Coloring Books),Marty Noble,2015,43,Non Fiction,"Crafts, Hobbies & Home",Crafts & Hobbies,4.6,2134,5.0
437,233,The Nightingale: A Novel,Kristin Hannah,2015,44,Fiction,Literature & Fiction,Genre Fiction,4.8,49288,11.0
447,234,"The Pioneer Woman Cooks: Dinnertime - Comfort Classics, Freezer Food, 16-minute Meals, and Other Delicious Ways to Solve…",Ree Drummond,2015,45,Non Fiction,"Cookbooks, Food & Wine",Entertaining & Holidays,4.8,3428,14.0
528,235,What Pet Should I Get? (Classic Seuss),Dr. Seuss,2015,46,Fiction,Children's Books,Literature & Fiction,4.7,1873,14.0
201,236,Killing Reagan: The Violent Assault That Changed a Presidency (Bill O'Reilly's Killing Series),Bill O'Reilly,2015,47,Non Fiction,Biographies & Memoirs,Leaders & Notable People,4.6,5235,5.0
158,237,Harry Potter Coloring Book,Scholastic,2015,48,Non Fiction,Children's Books,Growing Up & Facts of Life,4.7,3564,9.0
23,238,American Sniper: The Autobiography of the Most Lethal Sniper in U.S. Military History,Chris Kyle,2015,49,Non Fiction,Biographies & Memoirs,Autobiography,4.6,15921,9.0
483,239,The Whole30: The 30-Day Guide to Total Health and Food Freedom,Melissa Hartwig Urban,2015,50,Non Fiction,"Cookbooks, Food & Wine",Special Diet,4.6,7508,16.0
154,240,"Harry Potter and the Cursed Child, Parts 1 & 2, Special Rehearsal Edition Script",J.K. Rowling,2016,1,Fiction,Children's Books,Growing Up & Facts of Life,4.0,23973,12.0
311,6,StrengthsFinder 2.0,Gallup,2016,2,Non Fiction,Business & Money,Management & Leadership,4.0,5069,17.0
112,193,First 100 Words,Roger Priddy,2016,3,Non Fiction,Children's Books,Education & Reference,4.7,17323,4.0
424,210,The Life-Changing Magic of Tidying Up: The Japanese Art of Decluttering and Organizing,Marie Kondō,2016,4,Non Fiction,"Crafts, Hobbies & Home",Home Improvement & Design,4.5,22641,11.0
249,137,"Oh, the Places You'll Go!",Dr. Seuss,2016,5,Fiction,Children's Books,Education & Reference,4.9,21834,8.0
88,241,Double Down (Diary of a Wimpy Kid #11),Jeff Kinney,2016,6,Fiction,Children's Books,Growing Up & Facts of Life,4.8,5118,20.0
533,242,When Breath Becomes Air,Paul Kalanithi,2016,7,Non Fiction,Medical Books,Medicine,4.8,13779,14.0
124,227,Giraffes Can't Dance,Giles Andreae,2016,8,Fiction,Children's Books,"Arts, Music & Photography",4.8,14038,4.0
326,224,The 5 Love Languages: The Secret to Love that Lasts,Gary Chapman,2016,9,Non Fiction,Self-Help,Relationships,4.8,25554,8.0
484,239,The Whole30: The 30-Day Guide to Total Health and Food Freedom,Melissa Hartwig Urban,2016,10,Non Fiction,"Cookbooks, Food & Wine",Special Diet,4.6,7508,16.0
9,243,A Man Called Ove: A Novel,Fredrik Backman,2016,11,Fiction,Literature & Fiction,Genre Fiction,4.6,23848,8.0
202,244,Killing the Rising Sun: How America Vanquished World War II Japan (Bill O'Reilly's Killing Series),Bill O'Reilly,2016,12,Non Fiction,Biographies & Memoirs,Leaders & Notable People,4.8,8916,6.0
168,200,How to Win Friends & Influence People,Dale Carnegie,2016,13,Non Fiction,Self-Help,Relationships,4.7,25001,11.0
431,245,The Magnolia Story,Chip Gaines,2016,14,Non Fiction,Biographies & Memoirs,Arts & Literature,4.9,7861,5.0
211,161,Laugh-Out-Loud Jokes for Kids,Rob Elliott,2016,15,Non Fiction,Children's Books,Humor,4.6,6990,4.0
508,182,To Kill a Mockingbird,Harper Lee,2016,16,Fiction,Literature & Fiction,Genre Fiction,4.8,26234,0.0
163,246,Hillbilly Elegy: A Memoir of a Family and Culture in Crisis,J. D. Vance,2016,17,Non Fiction,Politics & Social Sciences,Social Sciences,4.4,15526,14.0
102,247,Fantastic Beasts and Where to Find Them: The Original Screenplay (Harry Potter),J.K. Rowling,2016,18,Fiction,Children's Books,"Arts, Music & Photography",4.7,4370,15.0
151,248,Hamilton: The Revolution,Lin-Manuel Miranda,2016,19,Non Fiction,Arts & Photography,Performing Arts,4.9,5867,54.0
383,214,The Girl on the Train,Paula Hawkins,2016,20,Fiction,"Mystery, Thriller & Suspense",Thrillers & Suspense,4.1,79446,7.0
235,199,Mindset: The New Psychology of Success,Carol S. Dweck,2016,21,Non Fiction,"Health, Fitness & Dieting",Psychology & Counseling,4.6,5542,10.0
444,249,"The Official SAT Study Guide, 2016 Edition (Official Study Guide for the New Sat)",The College Board,2016,22,Non Fiction,Teen & Young Adult,Education & Reference,4.3,807,36.0
15,250,"Adult Coloring Book Designs: Stress Relief Coloring Book: Garden Designs, Mandalas, Animals, and Paisley Patterns",Adult Coloring Book Designs,2016,23,Non Fiction,"Crafts, Hobbies & Home",Crafts & Hobbies,4.5,2313,4.0
377,170,The Four Agreements: A Practical Guide to Personal Freedom (A Toltec Wisdom Book),Don Miguel Ruiz,2016,24,Non Fiction,Self-Help,Personal Transformation,4.7,23308,6.0
229,251,Milk and Honey,Rupi Kaur,2016,25,Non Fiction,Literature & Fiction,Poetry,4.7,17739,8.0
390,252,The Going-To-Bed Book,Sandra Boynton,2016,26,Fiction,Children's Books,Humor,4.8,5249,5.0
37,253,Born to Run,Bruce Springsteen,2016,27,Non Fiction,Politics & Social Sciences,Social Sciences,4.7,3729,18.0
19,254,Alexander Hamilton,Ron Chernow,2016,28,Non Fiction,Biographies & Memoirs,Autobiography,4.8,9198,13.0
479,176,The Very Hungry Caterpillar,Eric Carle,2016,29,Fiction,Children's Books,Early Learning,4.9,19546,5.0
336,46,The 7 Habits of Highly Effective People: Powerful Lessons in Personal Change,Stephen R. Covey,2016,30,Non Fiction,Self-Help,Motivational,4.7,4725,16.0
358,255,The Constitution of the United States,Delegates of the Constitutional,2016,31,Non Fiction,History,Americas,4.8,2774,0.0
543,159,Wonder,R. J. Palacio,2016,32,Fiction,Children's Books,Growing Up & Facts of Life,4.8,21625,9.0
486,256,The Wonderful Things You Will Be,Emily Winfield Martin,2016,33,Fiction,Children's Books,Growing Up & Facts of Life,4.9,8842,10.0
546,257,You Are a Badass: How to Stop Doubting Your Greatness and Start Living an Awesome Life,Jen Sincero,2016,34,Non Fiction,Self-Help,Happiness,4.7,14331,8.0
502,203,Thug Kitchen: The Official Cookbook: Eat Like You Give a F*ck (Thug Kitchen Cookbooks),Thug Kitchen,2016,35,Non Fiction,"Cookbooks, Food & Wine",Vegetarian & Vegan,4.6,11128,23.0
268,258,Pokémon Deluxe Essential Handbook: The Need-to-Know Stats and Facts on Over 700 Pokémon,Scholastic,2016,36,Fiction,Children's Books,"Activities, Crafts & Games",4.7,3503,9.0
278,25,"Publication Manual of the American Psychological Association, 6th Edition",American Psychological Association,2016,37,Non Fiction,"New, Used & Rental Textbooks",Social Sciences,4.5,8580,46.0
49,259,Cravings: Recipes for All the Food You Want to Eat: A Cookbook,Chrissy Teigen,2016,38,Non Fiction,"Cookbooks, Food & Wine",Quick & Easy,4.7,4761,16.0
36,229,Between the World and Me,Ta-Nehisi Coates,2016,39,Non Fiction,Biographies & Memoirs,Cultural & Regional,4.7,10070,13.0
43,260,Calm the F*ck Down: An Irreverent Adult Coloring Book (Irreverent Book Series),Sasha O'Hara,2016,40,Non Fiction,"Crafts, Hobbies & Home",Crafts & Hobbies,4.6,10369,4.0
64,221,Dear Zoo: A Lift-the-Flap Book,Rod Campbell,2016,41,Fiction,Children's Books,Animals,4.8,10922,5.0
192,103,Jesus Calling: Enjoying Peace in His Presence (with Scripture References),Sarah Young,2016,42,Non Fiction,Religion & Spirituality,Worship & Devotion,4.9,19576,8.0
242,261,Night (Night),Elie Wiesel,2016,43,Non Fiction,History,World,4.7,5178,9.0
100,262,Fahrenheit 451,Ray Bradbury,2016,44,Fiction,Politics & Social Sciences,Politics & Government,4.6,10721,8.0
159,263,Harry Potter Paperback Box Set (Books 1-7),J. K. Rowling,2016,45,Fiction,Children's Books,Growing Up & Facts of Life,4.8,13471,52.0
157,264,"Harry Potter and the Sorcerer's Stone: The Illustrated Edition (Harry Potter, Book 1)",J.K. Rowling,2016,46,Fiction,Children's Books,Growing Up & Facts of Life,4.9,10052,22.0
0,265,10-Day Green Smoothie Cleanse,JJ Smith,2016,47,Non Fiction,"Health, Fitness & Dieting",Diets & Weight Loss,4.7,17350,8.0
523,266,"Uninvited: Living Loved When You Feel Less Than, Left Out, and Lonely",Lysa TerKeurst,2016,48,Non Fiction,Christian Books & Bibles,Christian Living,4.7,4585,9.0
438,233,The Nightingale: A Novel,Kristin Hannah,2016,49,Fiction,Literature & Fiction,Genre Fiction,4.8,49288,11.0
153,267,"Harry Potter and the Chamber of Secrets: The Illustrated Edition (Harry Potter, Book 2)",J.K. Rowling,2016,50,Fiction,Children's Books,Growing Up & Facts of Life,4.9,19622,30.0
544,159,Wonder,R. J. Palacio,2017,1,Fiction,Children's Books,Growing Up & Facts of Life,4.8,21625,9.0
230,251,Milk and Honey,Rupi Kaur,2017,2,Non Fiction,Literature & Fiction,Poetry,4.7,17739,8.0
125,227,Giraffes Can't Dance,Giles Andreae,2017,3,Fiction,Children's Books,"Arts, Music & Photography",4.8,14038,4.0
464,268,The Subtle Art of Not Giving a F*ck: A Counterintuitive Approach to Living a Good Life,Mark Manson,2017,4,Non Fiction,Humor & Entertainment,Humor,4.6,26490,15.0
381,269,The Getaway,Jeff Kinney,2017,5,Fiction,Children's Books,Growing Up & Facts of Life,4.8,5836,0.0
415,270,The Instant Pot Electric Pressure Cooker Cookbook: Easy Recipes for Fast & Healthy Meals,Laurel Randolph,2017,6,Non Fiction,"Cookbooks, Food & Wine",Cooking by Ingredient,4.3,7368,7.0
164,246,Hillbilly Elegy: A Memoir of a Family and Culture in Crisis,J. D. Vance,2017,7,Non Fiction,Politics & Social Sciences,Social Sciences,4.4,15526,14.0
26,271,Astrophysics for People in a Hurry,Neil deGrasse Tyson,2017,8,Non Fiction,History,Americas,4.7,9374,9.0
113,193,First 100 Words,Roger Priddy,2017,9,Non Fiction,Children's Books,Education & Reference,4.7,17323,4.0
485,239,The Whole30: The 30-Day Guide to Total Health and Food Freedom,Melissa Hartwig Urban,2017,10,Non Fiction,"Cookbooks, Food & Wine",Special Diet,4.6,7508,16.0
399,272,The Handmaid's Tale,Margaret Atwood,2017,11,Fiction,Literature & Fiction,Genre Fiction,4.3,29442,7.0
327,224,The 5 Love Languages: The Secret to Love that Lasts,Gary Chapman,2017,12,Non Fiction,Self-Help,Relationships,4.8,25554,8.0
547,257,You Are a Badass: How to Stop Doubting Your Greatness and Start Living an Awesome Life,Jen Sincero,2017,13,Non Fiction,Self-Help,Happiness,4.7,14331,8.0
526,273,What Happened,Hillary Rodham Clinton,2017,14,Non Fiction,Politics & Social Sciences,Politics & Government,4.6,5492,18.0
250,137,"Oh, the Places You'll Go!",Dr. Seuss,2017,15,Fiction,Children's Books,Education & Reference,4.9,21834,8.0
227,274,Make Your Bed: Little Things That Can Change Your Life...And Maybe the World,Admiral William H. McRaven,2017,16,Non Fiction,Self-Help,Happiness,4.7,10199,11.0
3,275,1984 (Signet Classics),George Orwell,2017,17,Fiction,Literature & Fiction,Genre Fiction,4.7,21424,6.0
169,200,How to Win Friends & Influence People,Dale Carnegie,2017,18,Non Fiction,Self-Help,Relationships,4.7,25001,11.0
258,276,Origin: A Novel (Robert Langdon),Dan Brown,2017,19,Fiction,Literature & Fiction,Action & Adventure,4.3,18904,13.0
10,243,A Man Called Ove: A Novel,Fredrik Backman,2017,20,Fiction,Literature & Fiction,Genre Fiction,4.6,23848,8.0
467,277,The Sun and Her Flowers,Rupi Kaur,2017,21,Non Fiction,Literature & Fiction,Poetry,4.7,5487,9.0
65,221,Dear Zoo: A Lift-the-Flap Book,Rod Campbell,2017,22,Fiction,Children's Books,Animals,4.8,10922,5.0
378,170,The Four Agreements: A Practical Guide to Personal Freedom (A Toltec Wisdom Book),Don Miguel Ruiz,2017,23,Non Fiction,Self-Help,Personal Transformation,4.7,23308,6.0
391,252,The Going-To-Bed Book,Sandra Boynton,2017,24,Fiction,Children's Books,Humor,4.8,5249,5.0
312,6,StrengthsFinder 2.0,Gallup,2017,25,Non Fiction,Business & Money,Management & Leadership,4.0,5069,17.0
487,256,The Wonderful Things You Will Be,Emily Winfield Martin,2017,26,Fiction,Children's Books,Growing Up & Facts of Life,4.9,8842,10.0
460,2,The Shack: Where Tragedy Confronts Eternity,William P. Young,2017,27,Fiction,Children's Books,Literature & Fiction,4.6,19720,8.0
425,210,The Life-Changing Magic of Tidying Up: The Japanese Art of Decluttering and Organizing,Marie Kondō,2017,28,Non Fiction,"Crafts, Hobbies & Home",Home Improvement & Design,4.5,22641,11.0
257,278,"Option B: Facing Adversity, Building Resilience, and Finding Joy",Sheryl Sandberg,2017,29,Non Fiction,Self-Help,Death & Grief,4.5,1831,9.0
503,203,Thug Kitchen: The Official Cookbook: Eat Like You Give a F*ck (Thug Kitchen Cookbooks),Thug Kitchen,2017,30,Non Fiction,"Cookbooks, Food & Wine",Vegetarian & Vegan,4.6,11128,23.0
7,279,A Gentleman in Moscow: A Novel,Amor Towles,2017,31,Fiction,Literature & Fiction,Genre Fiction,4.7,19699,15.0
279,25,"Publication Manual of the American Psychological Association, 6th Edition",American Psychological Association,2017,32,Non Fiction,"New, Used & Rental Textbooks",Social Sciences,4.5,8580,46.0
143,280,Goodnight Moon,Margaret Wise Brown,2017,33,Fiction,Children's Books,Animals,4.8,8837,5.0
496,281,Thirteen Reasons Why,Jay Asher,2017,34,Fiction,Teen & Young Adult,Literature & Fiction,4.5,7932,9.0
214,282,Leonardo da Vinci,Walter Isaacson,2017,35,Non Fiction,Biographies & Memoirs,Historical,4.5,3014,21.0
451,283,The Pout-Pout Fish,Deborah Diesen,2017,36,Fiction,Children's Books,Growing Up & Facts of Life,4.8,9784,5.0
156,284,"Harry Potter and the Prisoner of Azkaban: The Illustrated Edition (Harry Potter, Book 3)",J.K. Rowling,2017,37,Fiction,Children's Books,Growing Up & Facts of Life,4.9,3146,30.0
178,285,If Animals Kissed Good Night,Ann Whitford Paul,2017,38,Fiction,Children's Books,Growing Up & Facts of Life,4.8,16643,4.0
40,286,"Brown Bear, Brown Bear, What Do You See?",Bill Martin Jr.,2017,39,Fiction,Children's Books,Early Learning,4.9,14344,5.0
265,287,Player's Handbook (Dungeons & Dragons),Wizards RPG Team,2017,40,Fiction,Humor & Entertainment,Puzzles &  Games,4.8,16990,27.0
480,176,The Very Hungry Caterpillar,Eric Carle,2017,41,Fiction,Children's Books,Early Learning,4.9,19546,5.0
281,288,Puppy Birthday to You! (Paw Patrol) (Little Golden Book),Golden Books,2017,42,Fiction,Children's Books,Animals,4.8,4757,4.0
212,161,Laugh-Out-Loud Jokes for Kids,Rob Elliott,2017,43,Non Fiction,Children's Books,Humor,4.6,6990,4.0
510,289,"Tools of Titans: The Tactics, Routines, and Habits of Billionaires, Icons, and World-Class Performers",Timothy Ferriss,2017,44,Non Fiction,Business & Money,Management & Leadership,4.6,4360,21.0
232,290,Milk and Vine: Inspirational Quotes From Classic Vines,Adam Gasiewski,2017,45,Non Fiction,Literature & Fiction,Poetry,4.4,3113,6.0
286,291,Ready Player One: A Novel,Ernest Cline,2017,46,Fiction,Humor & Entertainment,Humor,4.6,22536,12.0
82,292,Dog Man: A Tale of Two Kitties: From the Creator of Captain Underpants (Dog Man #3),Dav Pilkey,2017,47,Fiction,Children's Books,Animals,4.9,4786,8.0
244,293,Obama: An Intimate Portrait,Pete Souza,2017,48,Non Fiction,Arts & Photography,Photography & Video,4.9,3192,22.0
337,46,The 7 Habits of Highly Effective People: Powerful Lessons in Personal Change,Stephen R. Covey,2017,49,Non Fiction,Self-Help,Motivational,4.7,4725,16.0
195,294,Killers of the Flower Moon: The Osage Murders and the Birth of the FBI,David Grann,2017,50,Non Fiction,History,Americas,4.6,8393,17.0
32,295,Becoming,Michelle Obama,2018,1,Non Fiction,History,Americas,4.8,61133,11.0
129,296,"Girl, Wash Your Face: Stop Believing the Lies About Who You Are So You Can Become Who You Were Meant to Be",Rachel Hollis,2018,2,Non Fiction,Christian Books & Bibles,Christian Living,4.6,22288,12.0
490,297,The Wonky Donkey,Craig Smith,2018,3,Fiction,Children's Books,Animals,4.8,30183,4.0
109,298,Fire and Fury: Inside the Trump White House,Michael Wolff,2018,4,Non Fiction,Biographies & Memoirs,Leaders & Notable People,4.2,13677,6.0
103,299,Fear: Trump in the White House,Bob Woodward,2018,5,Non Fiction,Biographies & Memoirs,Leaders & Notable People,4.4,6042,2.0
207,300,"Last Week Tonight with John Oliver Presents A Day in the Life of Marlon Bundo (Better Bundo Book, LGBT Childrens Book)",Jill Twiss,2018,6,Fiction,Children's Books,Growing Up & Facts of Life,4.9,11881,13.0
2,301,12 Rules for Life: An Antidote to Chaos,Jordan B. Peterson,2018,7,Non Fiction,"Health, Fitness & Dieting",Psychology & Counseling,4.7,18979,15.0
225,302,Magnolia Table: A Collection of Recipes for Gathering,Joanna Gaines,2018,8,Non Fiction,"Cookbooks, Food & Wine",Regional & International,4.8,9867,16.0
536,303,Whose Boat Is This Boat?: Comments That Don't Help in the Aftermath of a Hurricane,The Staff of The Late Show with,2018,9,Non Fiction,Humor & Entertainment,Humor,4.6,6669,12.0
465,268,The Subtle Art of Not Giving a F*ck: A Counterintuitive Approach to Living a Good Life,Mark Manson,2018,10,Non Fiction,Humor & Entertainment,Humor,4.6,26490,15.0
8,304,"A Higher Loyalty: Truth, Lies, and Leadership",James Comey,2018,11,Non Fiction,History,Americas,4.7,5983,3.0
355,305,The Complete Ketogenic Diet for Beginners: Your Essential Guide to Living the Keto Lifestyle,Amy Ramos,2018,12,Non Fiction,"Cookbooks, Food & Wine",Special Diet,4.3,13061,6.0
435,306,The Meltdown (Diary of a Wimpy Kid Book 13),Jeff Kinney,2018,13,Fiction,Children's Books,"Science, Nature & How It Works",4.8,5898,8.0
328,224,The 5 Love Languages: The Secret to Love that Lasts,Gary Chapman,2018,14,Non Fiction,Self-Help,Relationships,4.8,25554,8.0
114,193,First 100 Words,Roger Priddy,2018,15,Non Fiction,Children's Books,Education & Reference,4.7,17323,4.0
87,307,Dog Man: Lord of the Fleas: From the Creator of Captain Underpants (Dog Man #5),Dav Pilkey,2018,16,Fiction,Children's Books,Animals,4.9,5470,6.0
97,308,Educated: A Memoir,Tara Westover,2018,17,Non Fiction,Biographies & Memoirs,Leaders & Notable People,4.7,28729,15.0
548,257,You Are a Badass: How to Stop Doubting Your Greatness and Start Living an Awesome Life,Jen Sincero,2018,18,Non Fiction,Self-Help,Happiness,4.7,14331,8.0
450,309,"The Plant Paradox: The Hidden Dangers in ""Healthy"" Foods That Cause Disease and Weight Gain",Dr. Steven R Gundry MD,2018,19,Non Fiction,"Cookbooks, Food & Wine",Cooking by Ingredient,4.4,7058,17.0
126,227,Giraffes Can't Dance,Giles Andreae,2018,20,Fiction,Children's Books,"Arts, Music & Photography",4.8,14038,4.0
266,287,Player's Handbook (Dungeons & Dragons),Wizards RPG Team,2018,21,Fiction,Humor & Entertainment,Puzzles &  Games,4.8,16990,27.0
165,310,Homebody: A Guide to Creating Spaces You Never Want to Leave,Joanna Gaines,2018,22,Non Fiction,"Crafts, Hobbies & Home",Home Improvement & Design,4.8,3776,22.0
481,176,The Very Hungry Caterpillar,Eric Carle,2018,23,Fiction,Children's Books,Early Learning,4.9,19546,5.0
53,311,Crazy Rich Asians (Crazy Rich Asians Trilogy),Kevin Kwan,2018,24,Fiction,Literature & Fiction,Genre Fiction,4.3,6143,8.0
401,312,The Hate U Give,Angie Thomas,2018,25,Fiction,Teen & Young Adult,Literature & Fiction,4.8,9947,11.0
416,270,The Instant Pot Electric Pressure Cooker Cookbook: Easy Recipes for Fast & Healthy Meals,Laurel Randolph,2018,26,Non Fiction,"Cookbooks, Food & Wine",Cooking by Ingredient,4.3,7368,7.0
379,170,The Four Agreements: A Practical Guide to Personal Freedom (A Toltec Wisdom Book),Don Miguel Ruiz,2018,27,Non Fiction,Self-Help,Personal Transformation,4.7,23308,6.0
488,256,The Wonderful Things You Will Be,Emily Winfield Martin,2018,28,Fiction,Children's Books,Growing Up & Facts of Life,4.9,8842,10.0
262,313,P is for Potty! (Sesame Street) (Lift-the-Flap),Naomi Kleinberg,2018,29,Non Fiction,Children's Books,Growing Up & Facts of Life,4.7,10820,5.0
452,283,The Pout-Pout Fish,Deborah Diesen,2018,30,Fiction,Children's Books,Growing Up & Facts of Life,4.8,9784,5.0
215,314,Lettering and Modern Calligraphy: A Beginner's Guide: Learn Hand Lettering and Brush Lettering,Paper Peony Press,2018,31,Non Fiction,Arts & Photography,Graphic Design,4.4,7550,6.0
280,25,"Publication Manual of the American Psychological Association, 6th Edition",American Psychological Association,2018,32,Non Fiction,"New, Used & Rental Textbooks",Social Sciences,4.5,8580,46.0
66,221,Dear Zoo: A Lift-the-Flap Book,Rod Campbell,2018,33,Fiction,Children's Books,Animals,4.8,10922,5.0
251,137,"Oh, the Places You'll Go!",Dr. Seuss,2018,34,Fiction,Children's Books,Education & Reference,4.9,21834,8.0
81,315,Dog Man and Cat Kid: From the Creator of Captain Underpants (Dog Man #4),Dav Pilkey,2018,35,Fiction,Children's Books,Animals,4.9,5062,6.0
144,280,Goodnight Moon,Margaret Wise Brown,2018,36,Fiction,Children's Books,Animals,4.8,8837,5.0
290,316,"Salt, Fat, Acid, Heat: Mastering the Elements of Good Cooking",Samin Nosrat,2018,37,Non Fiction,"Cookbooks, Food & Wine",Cooking Education & Reference,4.8,7802,20.0
13,317,A Wrinkle in Time (Time Quintet),Madeleine L'Engle,2018,38,Fiction,Science Fiction & Fantasy,9k6,4.5,5153,5.0
170,200,How to Win Friends & Influence People,Dale Carnegie,2018,39,Non Fiction,Self-Help,Relationships,4.7,25001,11.0
83,318,Dog Man: Brawl of the Wild: From the Creator of Captain Underpants (Dog Man #6),Dav Pilkey,2018,40,Fiction,Children's Books,Animals,4.9,7235,4.0
185,319,Instant Pot Pressure Cooker Cookbook: 500 Everyday Recipes for Beginners and Advanced Users. Try Easy and Healthy…,Jennifer Smith,2018,41,Non Fiction,"Cookbooks, Food & Wine",Regional & International,4.4,7396,13.0
231,251,Milk and Honey,Rupi Kaur,2018,42,Non Fiction,Literature & Fiction,Poetry,4.7,17739,8.0
220,320,Little Fires Everywhere,Celeste Ng,2018,43,Fiction,Literature & Fiction,Genre Fiction,4.5,25706,12.0
203,321,Kitchen Confidential Updated Edition: Adventures in the Culinary Underbelly (P.S.),Anthony Bourdain,2018,44,Non Fiction,"Cookbooks, Food & Wine",Beverages & Wine,4.8,2507,8.0
454,322,The President Is Missing: A Novel,James Patterson,2018,45,Fiction,Literature & Fiction,Action & Adventure,4.3,10191,18.0
293,323,"School Zone - Big Preschool Workbook - Ages 4 and Up, Colors, Shapes, Numbers 1-10, Alphabet, Pre-Writing, Pre-Reading…",School Zone,2018,46,Non Fiction,Children's Books,Growing Up & Facts of Life,4.8,23047,6.0
449,324,"The Plant Paradox Cookbook: 100 Delicious Recipes to Help You Lose Weight, Heal Your Gut, and Live Lectin-Free",Dr. Steven R Gundry MD,2018,47,Non Fiction,"Cookbooks, Food & Wine",Cooking by Ingredient,4.5,3601,18.0
287,291,Ready Player One: A Novel,Ernest Cline,2018,48,Fiction,Humor & Entertainment,Humor,4.6,22536,12.0
101,262,Fahrenheit 451,Ray Bradbury,2018,49,Fiction,Politics & Social Sciences,Politics & Government,4.6,10721,8.0
297,325,Ship of Fools: How a Selfish Ruling Class Is Bringing America to the Brink of Revolution,Tucker Carlson,2018,50,Non Fiction,Politics & Social Sciences,Politics & Government,4.8,3923,16.0
534,326,Where the Crawdads Sing,Delia Owens,2019,1,Fiction,Literature & Fiction,Genre Fiction,4.8,87841,15.0
33,295,Becoming,Michelle Obama,2019,2,Non Fiction,History,Americas,4.8,61133,11.0
98,308,Educated: A Memoir,Tara Westover,2019,3,Non Fiction,Biographies & Memoirs,Leaders & Notable People,4.7,28729,15.0
86,327,Dog Man: For Whom the Ball Rolls: From the Creator of Captain Underpants (Dog Man #7),Dav Pilkey,2019,4,Fiction,Children's Books,Animals,4.9,9089,8.0
130,296,"Girl, Wash Your Face: Stop Believing the Lies About Who You Are So You Can Become Who You Were Meant to Be",Rachel Hollis,2019,5,Non Fiction,Christian Books & Bibles,Christian Living,4.6,22288,12.0
85,328,Dog Man: Fetch-22: From the Creator of Captain Underpants (Dog Man #8),Dav Pilkey,2019,6,Fiction,Children's Books,Animals,4.9,12619,8.0
545,329,Wrecking Ball (Diary of a Wimpy Kid Book 14),Jeff Kinney,2019,7,Fiction,Children's Books,Growing Up & Facts of Life,4.9,9413,8.0
489,256,The Wonderful Things You Will Be,Emily Winfield Martin,2019,8,Fiction,Children's Books,Growing Up & Facts of Life,4.9,8842,10.0
294,323,"School Zone - Big Preschool Workbook - Ages 4 and Up, Colors, Shapes, Numbers 1-10, Alphabet, Pre-Writing, Pre-Reading…",School Zone,2019,9,Non Fiction,Children's Books,Growing Up & Facts of Life,4.8,23047,6.0
329,224,The 5 Love Languages: The Secret to Love that Lasts,Gary Chapman,2019,10,Non Fiction,Self-Help,Relationships,4.8,25554,8.0
128,330,"Girl, Stop Apologizing: A Shame-Free Plan for Embracing and Achieving Your Goals",Rachel Hollis,2019,11,Non Fiction,Business & Money,Business Culture,4.6,7660,12.0
491,297,The Wonky Donkey,Craig Smith,2019,12,Fiction,Children's Books,Animals,4.8,30183,4.0
466,268,The Subtle Art of Not Giving a F*ck: A Counterintuitive Approach to Living a Good Life,Mark Manson,2019,13,Non Fiction,Humor & Entertainment,Humor,4.6,26490,15.0
74,331,Difficult Riddles For Smart Kids: 300 Difficult Riddles And Brain Teasers Families Will Love (Books for Smart Kids),M Prefontaine,2019,14,Non Fiction,Children's Books,"Activities, Crafts & Games",4.6,7955,5.0
291,316,"Salt, Fat, Acid, Heat: Mastering the Elements of Good Cooking",Samin Nosrat,2019,15,Non Fiction,"Cookbooks, Food & Wine",Cooking Education & Reference,4.8,7802,20.0
482,176,The Very Hungry Caterpillar,Eric Carle,2019,16,Fiction,Children's Books,Early Learning,4.9,19546,5.0
529,332,What Should Danny Do? (The Power to Choose Series),Adir Levy,2019,17,Fiction,Children's Books,Growing Up & Facts of Life,4.8,8170,13.0
186,333,It's Not Supposed to Be This Way: Finding Unexpected Strength When Disappointments Leave You Shattered,Lysa TerKeurst,2019,18,Non Fiction,Christian Books & Bibles,Bible Study & Reference,4.8,7062,12.0
176,334,"I Am Confident, Brave & Beautiful: A Coloring Book for Girls",Hopscotch Girls,2019,19,Non Fiction,Children's Books,Growing Up & Facts of Life,4.8,9737,7.0
380,170,The Four Agreements: A Practical Guide to Personal Freedom (A Toltec Wisdom Book),Don Miguel Ruiz,2019,20,Non Fiction,Self-Help,Personal Transformation,4.7,23308,6.0
521,335,Unfreedom of the Press,Mark R. Levin,2019,21,Non Fiction,Reference,"Writing, Research & Publishing Guides",4.9,5956,11.0
84,318,Dog Man: Brawl of the Wild: From the Creator of Captain Underpants (Dog Man #6),Dav Pilkey,2019,22,Fiction,Children's Books,Animals,4.9,7235,4.0
127,227,Giraffes Can't Dance,Giles Andreae,2019,23,Fiction,Children's Books,"Arts, Music & Photography",4.8,14038,4.0
179,285,If Animals Kissed Good Night,Ann Whitford Paul,2019,24,Fiction,Children's Books,Growing Up & Facts of Life,4.8,16643,4.0
252,137,"Oh, the Places You'll Go!",Dr. Seuss,2019,25,Fiction,Children's Books,Education & Reference,4.9,21834,8.0
171,336,Howard Stern Comes Again,Howard Stern,2019,26,Non Fiction,Biographies & Memoirs,Arts & Literature,4.3,5272,16.0
150,337,Guts,Raina Telgemeier,2019,27,Non Fiction,Children's Books,Growing Up & Facts of Life,4.8,5476,7.0
426,210,The Life-Changing Magic of Tidying Up: The Japanese Art of Decluttering and Organizing,Marie Kondō,2019,28,Non Fiction,"Crafts, Hobbies & Home",Home Improvement & Design,4.5,22641,11.0
155,338,"Harry Potter and the Goblet of Fire: The Illustrated Edition (Harry Potter, Book 4) (4)",J. K. Rowling,2019,29,Fiction,Children's Books,Growing Up & Facts of Life,4.9,7758,18.0
240,339,National Geographic Little Kids First Big Book of Why (National Geographic Little Kids First Big Books),Amy Shields,2019,30,Non Fiction,Children's Books,Education & Reference,4.8,7866,11.0
184,319,Instant Pot Pressure Cooker Cookbook: 500 Everyday Recipes for Beginners and Advanced Users. Try Easy and Healthy…,Jennifer Smith,2019,31,Non Fiction,"Cookbooks, Food & Wine",Regional & International,4.4,7396,13.0
345,340,"The Body Keeps the Score: Brain, Mind, and Body in the Healing of Trauma",Bessel van der Kolk M.D.,2019,32,Non Fiction,Medical Books,Medicine,4.8,12361,12.0
138,341,Good Days Start With Gratitude: A 52 Week Guide To Cultivate An Attitude Of Gratitude: Gratitude Journal,Pretty Simple Press,2019,33,Non Fiction,Self-Help,Creativity,4.6,10141,6.0
145,280,Goodnight Moon,Margaret Wise Brown,2019,34,Fiction,Children's Books,Animals,4.8,8837,5.0
356,305,The Complete Ketogenic Diet for Beginners: Your Essential Guide to Living the Keto Lifestyle,Amy Ramos,2019,35,Non Fiction,"Cookbooks, Food & Wine",Special Diet,4.3,13061,6.0
522,342,Unicorn Coloring Book: For Kids Ages 4-8 (US Edition) (Silly Bear Coloring Books),Silly Bear,2019,36,Non Fiction,"Crafts, Hobbies & Home",Crafts & Hobbies,4.8,6108,4.0
303,343,Strange Planet (Strange Planet Series),Nathan W. Pyle,2019,37,Fiction,Humor & Entertainment,Humor,4.9,9382,6.0
267,287,Player's Handbook (Dungeons & Dragons),Wizards RPG Team,2019,38,Fiction,Humor & Entertainment,Puzzles &  Games,4.8,16990,27.0
462,344,The Silent Patient,Alex Michaelides,2019,39,Fiction,"Mystery, Thriller & Suspense",Thrillers & Suspense,4.5,27536,14.0
4,345,"5,000 Awesome Facts (About Everything!) (National Geographic Kids)",National Geographic Kids,2019,40,Non Fiction,Children's Books,Education & Reference,4.8,7665,12.0
509,182,To Kill a Mockingbird,Harper Lee,2019,41,Fiction,Literature & Fiction,Genre Fiction,4.8,26234,7.0
549,257,You Are a Badass: How to Stop Doubting Your Greatness and Start Living an Awesome Life,Jen Sincero,2019,42,Non Fiction,Self-Help,Happiness,4.7,14331,8.0
239,346,"National Geographic Kids Why?: Over 1,111 Answers to Everything",Crispin Boyer,2019,43,Non Fiction,Children's Books,"Science, Nature & How It Works",4.8,5347,16.0
44,347,Can't Hurt Me: Master Your Mind and Defy the Odds,David Goggins,2019,44,Non Fiction,Self-Help,Motivational,4.8,16244,18.0
397,348,The Guardians: A Novel,John Grisham,2019,45,Fiction,"Mystery, Thriller & Suspense",Thrillers & Suspense,4.5,13609,14.0
263,313,P is for Potty! (Sesame Street) (Lift-the-Flap),Naomi Kleinberg,2019,46,Non Fiction,Children's Books,Growing Up & Facts of Life,4.7,10820,5.0
472,349,The Total Money Makeover: Classic Edition: A Proven Plan for Financial Fitness,Dave Ramsey,2019,47,Non Fiction,Christian Books & Bibles,Christian Living,4.7,11550,10.0
41,286,"Brown Bear, Brown Bear, What Do You See?",Bill Martin Jr.,2019,48,Fiction,Children's Books,Early Learning,4.9,14344,5.0
475,350,The Unofficial Harry Potter Cookbook: From Cauldron Cakes to Knickerbocker Glory--More Than 150 Magical Recipes for…,Dinah Bucholz,2019,49,Non Fiction,Children's Books,"Arts, Music & Photography",4.7,9030,10.0
436,351,The Mueller Report,The Washington Post,2019,50,Non Fiction,Politics & Social Sciences,Politics & Government,4.6,2744,12.0
